<?xml version="1.0" encoding="UTF-8"?>
<project-private xmlns="http://www.netbeans.org/ns/project-private/1">
    <editor-bookmarks xmlns="http://www.netbeans.org/ns/editor-bookmarks/2" lastBookmarkId="0"/>
    <open-files xmlns="http://www.netbeans.org/ns/projectui-open-files/2">
        <group>
            <file>file:/C:/Users/fiore/OneDrive/Documentos/NetBeansProjects/TP5_1/src/Reserva/Reserva.java</file>
            <file>file:/C:/Users/fiore/OneDrive/Documentos/NetBeansProjects/TP5_1/src/Reserva/Cliente.java</file>
            <file>file:/C:/Users/fiore/OneDrive/Documentos/NetBeansProjects/TP5_1/src/Reserva/Mesa.java</file>
            <file>file:/C:/Users/fiore/OneDrive/Documentos/NetBeansProjects/TP5_1/src/TarjetaCredito/Banco.java</file>
            <file>file:/C:/Users/fiore/OneDrive/Documentos/NetBeansProjects/TP5_1/src/TarjetaCredito/Cliente.java</file>
            <file>file:/C:/Users/fiore/OneDrive/Documentos/NetBeansProjects/TP5_1/src/Reserva/Main.java</file>
            <file>file:/C:/Users/fiore/OneDrive/Documentos/NetBeansProjects/TP5_1/src/Vehiculo/Vehiculo.java</file>
            <file>file:/C:/Users/fiore/OneDrive/Documentos/NetBeansProjects/TP5_1/src/Computadora/Computadora.java</file>
            <file>file:/C:/Users/fiore/OneDrive/Documentos/NetBeansProjects/TP5_1/src/Vehiculo/Motor.java</file>
            <file>file:/C:/Users/fiore/OneDrive/Documentos/NetBeansProjects/TP5_1/src/Vehiculo/Conductor.java</file>
            <file>file:/C:/Users/fiore/OneDrive/Documentos/NetBeansProjects/TP5_1/src/Vehiculo/Main.java</file>
            <file>file:/C:/Users/fiore/OneDrive/Documentos/NetBeansProjects/TP5_1/src/Documento/Main.java</file>
            <file>file:/C:/Users/fiore/OneDrive/Documentos/NetBeansProjects/TP5_1/src/Documento/Documento.java</file>
            <file>file:/C:/Users/fiore/OneDrive/Documentos/NetBeansProjects/TP5_1/src/Documento/FirmaDigital.java</file>
            <file>file:/C:/Users/fiore/OneDrive/Documentos/NetBeansProjects/TP5_1/src/Pasaporte/Pasaporte.java</file>
            <file>file:/C:/Users/fiore/OneDrive/Documentos/NetBeansProjects/TP5_1/src/Documento/Usuario.java</file>
            <file>file:/C:/Users/fiore/OneDrive/Documentos/NetBeansProjects/TP5_1/src/CitaMedica/CitaMedica.java</file>
            <file>file:/C:/Users/fiore/OneDrive/Documentos/NetBeansProjects/TP5_1/src/CitaMedica/Paciente.java</file>
            <file>file:/C:/Users/fiore/OneDrive/Documentos/NetBeansProjects/TP5_1/src/CitaMedica/Profesional.java</file>
            <file>file:/C:/Users/fiore/OneDrive/Documentos/NetBeansProjects/TP5_1/src/CitaMedica/Main.java</file>
            <file>file:/C:/Users/fiore/OneDrive/Documentos/NetBeansProjects/TP5_1/src/CuentaBancaria/Main.java</file>
            <file>file:/C:/Users/fiore/OneDrive/Documentos/NetBeansProjects/TP5_1/src/CuentaBancaria/ClaveSeguridad.java</file>
            <file>file:/C:/Users/fiore/OneDrive/Documentos/NetBeansProjects/TP5_1/src/CuentaBancaria/Titular.java</file>
            <file>file:/C:/Users/fiore/OneDrive/Documentos/NetBeansProjects/TP5_1/src/CuentaBancaria/CuentaBancaria.java</file>
            <file>file:/C:/Users/fiore/OneDrive/Documentos/NetBeansProjects/TP5_1/src/Reproductor/Cancion.java</file>
            <file>file:/C:/Users/fiore/OneDrive/Documentos/NetBeansProjects/TP5_1/src/Reproductor/Artista.java</file>
            <file>file:/C:/Users/fiore/OneDrive/Documentos/NetBeansProjects/TP5_1/src/TarjetaCredito/Main.java</file>
            <file>file:/C:/Users/fiore/OneDrive/Documentos/NetBeansProjects/TP5_1/src/Reproductor/Reproductor.java</file>
            <file>file:/C:/Users/fiore/OneDrive/Documentos/NetBeansProjects/TP5_1/src/Reproductor/Main.java</file>
            <file>file:/C:/Users/fiore/OneDrive/Documentos/NetBeansProjects/TP5_1/src/Impuesto/Main.java</file>
            <file>file:/C:/Users/fiore/OneDrive/Documentos/NetBeansProjects/TP5_1/src/Impuesto/Impuesto.java</file>
            <file>file:/C:/Users/fiore/OneDrive/Documentos/NetBeansProjects/TP5_1/src/Impuesto/Contribuyente.java</file>
            <file>file:/C:/Users/fiore/OneDrive/Documentos/NetBeansProjects/TP5_1/src/Impuesto/Calculadora.java</file>
            <file>file:/C:/Users/fiore/OneDrive/Documentos/NetBeansProjects/TP5_1/src/GeneradorQR/Usuario.java</file>
            <file>file:/C:/Users/fiore/OneDrive/Documentos/NetBeansProjects/TP5_1/src/GeneradorQR/CodigoQR.java</file>
            <file>file:/C:/Users/fiore/OneDrive/Documentos/NetBeansProjects/TP5_1/src/GeneradorQR/GeneradorQR.java</file>
            <file>file:/C:/Users/fiore/OneDrive/Documentos/NetBeansProjects/TP5_1/src/GeneradorQR/Main.java</file>
            <file>file:/C:/Users/fiore/OneDrive/Documentos/NetBeansProjects/TP5_1/src/EditorVideo/EditorVideo.java</file>
            <file>file:/C:/Users/fiore/OneDrive/Documentos/NetBeansProjects/TP5_1/src/EditorVideo/Main.java</file>
            <file>file:/C:/Users/fiore/OneDrive/Documentos/NetBeansProjects/TP5_1/src/EditorVideo/Proyecto.java</file>
            <file>file:/C:/Users/fiore/OneDrive/Documentos/NetBeansProjects/TP5_1/src/EditorVideo/Render.java</file>
        </group>
    </open-files>
</project-private>
