<?xml version="1.0" encoding="UTF-8"?>
<project-private xmlns="http://www.netbeans.org/ns/project-private/1">
    <editor-bookmarks xmlns="http://www.netbeans.org/ns/editor-bookmarks/2" lastBookmarkId="0"/>
    <open-files xmlns="http://www.netbeans.org/ns/projectui-open-files/2">
        <group>
            <file>file:/C:/Users/fiore/OneDrive/Documentos/NetBeansProjects/TP6/src/tp6/TP6.java</file>
            <file>file:/C:/Users/fiore/OneDrive/Documentos/NetBeansProjects/TP6/src/tp6/CategoriaProducto.java</file>
            <file>file:/C:/Users/fiore/OneDrive/Documentos/NetBeansProjects/TP6/src/tp6/Producto.java</file>
            <file>file:/C:/Users/fiore/OneDrive/Documentos/NetBeansProjects/TP6/src/tp6/Inventario.java</file>
            <file>file:/C:/Users/fiore/OneDrive/Documentos/NetBeansProjects/TP6/src/tp6/Main.java</file>
        </group>
    </open-files>
</project-private>
