<?xml version="1.0" encoding="UTF-8"?>
<project-private xmlns="http://www.netbeans.org/ns/project-private/1">
    <editor-bookmarks xmlns="http://www.netbeans.org/ns/editor-bookmarks/2" lastBookmarkId="0"/>
    <open-files xmlns="http://www.netbeans.org/ns/projectui-open-files/2">
        <group>
            <file>file:/C:/Users/fiore/OneDrive/Documentos/NetBeansProjects/TP8_P2/src/tp8_p2/Ejercicio_4.java</file>
            <file>file:/C:/Users/fiore/OneDrive/Documentos/NetBeansProjects/TP8_P2/src/tp8_p2/Ejercicio_3.java</file>
        </group>
    </open-files>
</project-private>
